data,codigo,regiao,nome,moeda,fechamento
2025-12-10,DAX,EU,DAX,EUR,24130.14
2025-12-11,DAX,EU,DAX,EUR,24294.61
2025-12-12,DAX,EU,DAX,EUR,24186.49
2025-12-15,DAX,EU,DAX,EUR,24229.91
2025-12-16,DAX,EU,DAX,EUR,24076.87
2025-12-17,DAX,EU,DAX,EUR,23960.59
2025-12-18,DAX,EU,DAX,EUR,24199.5
2025-12-19,DAX,EU,DAX,EUR,24288.4
2025-12-22,DAX,EU,DAX,EUR,24283.97
2025-12-23,DAX,EU,DAX,EUR,24340.06
2025-12-29,DAX,EU,DAX,EUR,24351.12
2025-12-30,DAX,EU,DAX,EUR,24490.41
2026-01-02,DAX,EU,DAX,EUR,24539.34
2026-01-05,DAX,EU,DAX,EUR,24868.69
2026-01-06,DAX,EU,DAX,EUR,24892.2
2026-01-07,DAX,EU,DAX,EUR,25122.26
2026-01-08,DAX,EU,DAX,EUR,25127.46
2026-01-09,DAX,EU,DAX,EUR,25261.64
2026-01-12,DAX,EU,DAX,EUR,25405.34
2026-01-13,DAX,EU,DAX,EUR,25420.66
2026-01-14,DAX,EU,DAX,EUR,25286.24
2026-01-15,DAX,EU,DAX,EUR,25352.39
2026-01-16,DAX,EU,DAX,EUR,25297.13
2026-01-19,DAX,EU,DAX,EUR,24959.06
2026-01-20,DAX,EU,DAX,EUR,24703.12
2026-01-21,DAX,EU,DAX,EUR,24560.98
2026-01-22,DAX,EU,DAX,EUR,24856.47
2026-01-23,DAX,EU,DAX,EUR,24900.71
2026-01-26,DAX,EU,DAX,EUR,24933.08
2026-01-27,DAX,EU,DAX,EUR,24894.44
2026-01-28,DAX,EU,DAX,EUR,24822.79
2026-01-29,DAX,EU,DAX,EUR,24309.46
2026-01-30,DAX,EU,DAX,EUR,24538.81
2026-02-02,DAX,EU,DAX,EUR,24797.52
2026-02-03,DAX,EU,DAX,EUR,24780.79
2026-02-04,DAX,EU,DAX,EUR,24603.04
2026-02-05,DAX,EU,DAX,EUR,24491.06
2026-02-06,DAX,EU,DAX,EUR,24721.46
2026-02-09,DAX,EU,DAX,EUR,25014.87
2026-02-10,DAX,EU,DAX,EUR,24987.85
2026-02-11,DAX,EU,DAX,EUR,24856.15
2026-02-12,DAX,EU,DAX,EUR,24852.69
2026-02-13,DAX,EU,DAX,EUR,24914.88
2026-02-16,DAX,EU,DAX,EUR,24800.91
2026-02-17,DAX,EU,DAX,EUR,24998.4
2026-02-18,DAX,EU,DAX,EUR,25278.21
2026-02-19,DAX,EU,DAX,EUR,25043.57
2026-02-20,DAX,EU,DAX,EUR,25260.69
2026-02-23,DAX,EU,DAX,EUR,24991.97
2026-02-24,DAX,EU,DAX,EUR,24986.25
2026-02-25,DAX,EU,DAX,EUR,25175.94
2026-02-26,DAX,EU,DAX,EUR,25289.02
2026-02-27,DAX,EU,DAX,EUR,25284.26
2026-03-02,DAX,EU,DAX,EUR,24638.0
2026-03-03,DAX,EU,DAX,EUR,23790.65
2026-03-04,DAX,EU,DAX,EUR,24205.36
2026-03-05,DAX,EU,DAX,EUR,23815.75
2026-03-06,DAX,EU,DAX,EUR,23591.03
2026-03-09,DAX,EU,DAX,EUR,23409.37
2026-03-10,DAX,EU,DAX,EUR,23968.63
2026-03-11,DAX,EU,DAX,EUR,23640.03
2026-03-12,DAX,EU,DAX,EUR,23589.65
2026-03-13,DAX,EU,DAX,EUR,23447.29
2026-03-16,DAX,EU,DAX,EUR,23564.01
2026-03-17,DAX,EU,DAX,EUR,23730.92
2026-03-18,DAX,EU,DAX,EUR,23502.25
2026-03-19,DAX,EU,DAX,EUR,22839.56
2026-03-20,DAX,EU,DAX,EUR,22380.19
2026-03-23,DAX,EU,DAX,EUR,22653.86
2026-03-24,DAX,EU,DAX,EUR,22636.91
2026-03-25,DAX,EU,DAX,EUR,22957.08
2026-03-26,DAX,EU,DAX,EUR,22612.97
2026-03-27,DAX,EU,DAX,EUR,22300.75
2026-03-30,DAX,EU,DAX,EUR,22562.88
2026-03-31,DAX,EU,DAX,EUR,22680.04
2026-04-01,DAX,EU,DAX,EUR,23298.89
2026-04-02,DAX,EU,DAX,EUR,23168.08
2026-04-07,DAX,EU,DAX,EUR,22921.59
2026-04-08,DAX,EU,DAX,EUR,24080.63
2026-04-09,DAX,EU,DAX,EUR,23806.99
2026-04-10,DAX,EU,DAX,EUR,23803.95
2026-04-13,DAX,EU,DAX,EUR,23742.44
2026-04-14,DAX,EU,DAX,EUR,24044.22
2026-04-15,DAX,EU,DAX,EUR,24066.7
2026-04-16,DAX,EU,DAX,EUR,24154.47
2026-04-17,DAX,EU,DAX,EUR,24702.24
2026-04-20,DAX,EU,DAX,EUR,24417.8
2026-04-21,DAX,EU,DAX,EUR,24270.87
2026-04-22,DAX,EU,DAX,EUR,24194.9
2026-04-23,DAX,EU,DAX,EUR,24155.45
2026-04-24,DAX,EU,DAX,EUR,24128.98
2026-04-27,DAX,EU,DAX,EUR,24083.53
2026-04-28,DAX,EU,DAX,EUR,24018.26
2026-04-29,DAX,EU,DAX,EUR,23954.56
2026-04-30,DAX,EU,DAX,EUR,24292.38
2026-05-04,DAX,EU,DAX,EUR,23991.27
2026-05-05,DAX,EU,DAX,EUR,24401.7
2026-05-06,DAX,EU,DAX,EUR,24918.69
2026-05-07,DAX,EU,DAX,EUR,24663.61
2026-05-08,DAX,EU,DAX,EUR,24338.63
2026-05-11,DAX,EU,DAX,EUR,24350.28
2026-05-12,DAX,EU,DAX,EUR,23954.93
2026-05-13,DAX,EU,DAX,EUR,24136.81
2026-05-14,DAX,EU,DAX,EUR,24456.26
2026-05-15,DAX,EU,DAX,EUR,23950.57
2026-05-18,DAX,EU,DAX,EUR,24307.92
2026-05-19,DAX,EU,DAX,EUR,24400.65
2026-05-20,DAX,EU,DAX,EUR,24737.24
2026-05-21,DAX,EU,DAX,EUR,24606.77
2026-05-22,DAX,EU,DAX,EUR,24888.56
2026-05-25,DAX,EU,DAX,EUR,25389.1
2026-05-26,DAX,EU,DAX,EUR,25184.89
2026-05-27,DAX,EU,DAX,EUR,25177.8
2026-05-28,DAX,EU,DAX,EUR,25092.25
2026-05-29,DAX,EU,DAX,EUR,25104.7
2026-06-01,DAX,EU,DAX,EUR,25003.04
2026-06-02,DAX,EU,DAX,EUR,25124.17
2026-06-03,DAX,EU,DAX,EUR,24795.94
2026-06-04,DAX,EU,DAX,EUR,24944.95
2026-06-05,DAX,EU,DAX,EUR,24759.05
2026-06-08,DAX,EU,DAX,EUR,24616.22
2026-06-09,DAX,EU,DAX,EUR,24433.06
2026-06-10,DAX,EU,DAX,EUR,24195.31
2026-06-11,DAX,EU,DAX,EUR,24209.71
2026-06-12,DAX,EU,DAX,EUR,24635.3
2026-06-15,DAX,EU,DAX,EUR,24894.01
2026-06-16,DAX,EU,DAX,EUR,24910.41
2026-06-17,DAX,EU,DAX,EUR,24934.67
2026-06-18,DAX,EU,DAX,EUR,25026.8
2025-12-10,EURBRL,FX,EUR/BRL,BRL,6.3091
2025-12-11,EURBRL,FX,EUR/BRL,BRL,6.3939
2025-12-12,EURBRL,FX,EUR/BRL,BRL,6.3412
2025-12-15,EURBRL,FX,EUR/BRL,BRL,6.315
2025-12-16,EURBRL,FX,EUR/BRL,BRL,6.3573
2025-12-17,EURBRL,FX,EUR/BRL,BRL,6.4641
2025-12-18,EURBRL,FX,EUR/BRL,BRL,6.4725
2025-12-19,EURBRL,FX,EUR/BRL,BRL,6.4683
2025-12-22,EURBRL,FX,EUR/BRL,BRL,6.443
2025-12-23,EURBRL,FX,EUR/BRL,BRL,6.5703
2025-12-24,EURBRL,FX,EUR/BRL,BRL,6.502
2025-12-26,EURBRL,FX,EUR/BRL,BRL,6.4977
2025-12-29,EURBRL,FX,EUR/BRL,BRL,6.5189
2025-12-30,EURBRL,FX,EUR/BRL,BRL,6.5488
2025-12-31,EURBRL,FX,EUR/BRL,BRL,6.4267
2026-01-02,EURBRL,FX,EUR/BRL,BRL,6.4767
2026-01-05,EURBRL,FX,EUR/BRL,BRL,6.406
2026-01-06,EURBRL,FX,EUR/BRL,BRL,6.3291
2026-01-07,EURBRL,FX,EUR/BRL,BRL,6.2735
2026-01-08,EURBRL,FX,EUR/BRL,BRL,6.2814
2026-01-09,EURBRL,FX,EUR/BRL,BRL,6.2735
2026-01-12,EURBRL,FX,EUR/BRL,BRL,6.2485
2026-01-13,EURBRL,FX,EUR/BRL,BRL,6.2617
2026-01-14,EURBRL,FX,EUR/BRL,BRL,6.2461
2026-01-15,EURBRL,FX,EUR/BRL,BRL,6.2775
2026-01-16,EURBRL,FX,EUR/BRL,BRL,6.2267
2026-01-19,EURBRL,FX,EUR/BRL,BRL,6.216
2026-01-20,EURBRL,FX,EUR/BRL,BRL,6.2422
2026-01-21,EURBRL,FX,EUR/BRL,BRL,6.2972
2026-01-22,EURBRL,FX,EUR/BRL,BRL,6.2035
2026-01-23,EURBRL,FX,EUR/BRL,BRL,6.2035
2026-01-26,EURBRL,FX,EUR/BRL,BRL,6.179
2026-01-27,EURBRL,FX,EUR/BRL,BRL,6.2617
2026-01-28,EURBRL,FX,EUR/BRL,BRL,6.2228
2026-01-29,EURBRL,FX,EUR/BRL,BRL,6.2189
2026-01-30,EURBRL,FX,EUR/BRL,BRL,6.2035
2026-02-02,EURBRL,FX,EUR/BRL,BRL,6.175
2026-02-03,EURBRL,FX,EUR/BRL,BRL,6.1996
2026-02-04,EURBRL,FX,EUR/BRL,BRL,6.1843
2026-02-05,EURBRL,FX,EUR/BRL,BRL,6.1767
2026-02-06,EURBRL,FX,EUR/BRL,BRL,6.2035
2026-02-09,EURBRL,FX,EUR/BRL,BRL,6.1915
2026-02-10,EURBRL,FX,EUR/BRL,BRL,6.1728
2026-02-11,EURBRL,FX,EUR/BRL,BRL,6.1746
2026-02-12,EURBRL,FX,EUR/BRL,BRL,6.169
2026-02-13,EURBRL,FX,EUR/BRL,BRL,6.1805
2026-02-16,EURBRL,FX,EUR/BRL,BRL,6.1525
2026-02-17,EURBRL,FX,EUR/BRL,BRL,6.2073
2026-02-18,EURBRL,FX,EUR/BRL,BRL,6.1805
2026-02-19,EURBRL,FX,EUR/BRL,BRL,6.1652
2026-02-20,EURBRL,FX,EUR/BRL,BRL,6.1237
2026-02-23,EURBRL,FX,EUR/BRL,BRL,6.1125
2026-02-24,EURBRL,FX,EUR/BRL,BRL,6.0938
2026-02-25,EURBRL,FX,EUR/BRL,BRL,6.0606
2026-02-26,EURBRL,FX,EUR/BRL,BRL,6.0496
2026-02-27,EURBRL,FX,EUR/BRL,BRL,6.0569
2026-03-02,EURBRL,FX,EUR/BRL,BRL,6.038
2026-03-03,EURBRL,FX,EUR/BRL,BRL,6.0423
2026-03-04,EURBRL,FX,EUR/BRL,BRL,6.1237
2026-03-05,EURBRL,FX,EUR/BRL,BRL,6.079
2026-03-06,EURBRL,FX,EUR/BRL,BRL,6.105
2026-03-09,EURBRL,FX,EUR/BRL,BRL,6.06
2026-03-10,EURBRL,FX,EUR/BRL,BRL,6.0423
2026-03-11,EURBRL,FX,EUR/BRL,BRL,5.988
2026-03-12,EURBRL,FX,EUR/BRL,BRL,5.988
2026-03-13,EURBRL,FX,EUR/BRL,BRL,6.035
2026-03-16,EURBRL,FX,EUR/BRL,BRL,6.029
2026-03-17,EURBRL,FX,EUR/BRL,BRL,6.0132
2026-03-18,EURBRL,FX,EUR/BRL,BRL,5.988
2026-03-19,EURBRL,FX,EUR/BRL,BRL,6.0277
2026-03-20,EURBRL,FX,EUR/BRL,BRL,6.0386
2026-03-23,EURBRL,FX,EUR/BRL,BRL,6.035
2026-03-24,EURBRL,FX,EUR/BRL,BRL,6.068
2026-03-25,EURBRL,FX,EUR/BRL,BRL,6.0716
2026-03-26,EURBRL,FX,EUR/BRL,BRL,6.0496
2026-03-27,EURBRL,FX,EUR/BRL,BRL,6.035
2026-03-30,EURBRL,FX,EUR/BRL,BRL,6.0132
2026-03-31,EURBRL,FX,EUR/BRL,BRL,6.0277
2026-04-01,EURBRL,FX,EUR/BRL,BRL,6.006
2026-04-02,EURBRL,FX,EUR/BRL,BRL,5.9701
2026-04-03,EURBRL,FX,EUR/BRL,BRL,5.9453
2026-04-06,EURBRL,FX,EUR/BRL,BRL,5.9312
2026-04-07,EURBRL,FX,EUR/BRL,BRL,5.9242
2026-04-08,EURBRL,FX,EUR/BRL,BRL,6.0132
2026-04-09,EURBRL,FX,EUR/BRL,BRL,5.9418
2026-04-10,EURBRL,FX,EUR/BRL,BRL,5.9524
2026-04-13,EURBRL,FX,EUR/BRL,BRL,5.8377
2026-04-14,EURBRL,FX,EUR/BRL,BRL,5.872
2026-04-15,EURBRL,FX,EUR/BRL,BRL,5.8754
2026-04-16,EURBRL,FX,EUR/BRL,BRL,5.8893
2026-04-17,EURBRL,FX,EUR/BRL,BRL,5.8754
2026-04-20,EURBRL,FX,EUR/BRL,BRL,5.872
2026-04-21,EURBRL,FX,EUR/BRL,BRL,5.8309
2026-04-22,EURBRL,FX,EUR/BRL,BRL,5.8754
2026-04-23,EURBRL,FX,EUR/BRL,BRL,5.8309
2026-04-24,EURBRL,FX,EUR/BRL,BRL,5.872
2026-04-27,EURBRL,FX,EUR/BRL,BRL,5.8241
2026-04-28,EURBRL,FX,EUR/BRL,BRL,5.8582
2026-04-29,EURBRL,FX,EUR/BRL,BRL,5.848
2026-04-30,EURBRL,FX,EUR/BRL,BRL,5.8582
2026-05-01,EURBRL,FX,EUR/BRL,BRL,5.8241
2026-05-04,EURBRL,FX,EUR/BRL,BRL,5.8072
2026-05-05,EURBRL,FX,EUR/BRL,BRL,5.8241
2026-05-06,EURBRL,FX,EUR/BRL,BRL,5.767
2026-05-07,EURBRL,FX,EUR/BRL,BRL,5.7937
2026-05-08,EURBRL,FX,EUR/BRL,BRL,5.7937
2026-05-11,EURBRL,FX,EUR/BRL,BRL,5.777
2026-05-12,EURBRL,FX,EUR/BRL,BRL,5.7737
2026-05-13,EURBRL,FX,EUR/BRL,BRL,5.7604
2026-05-14,EURBRL,FX,EUR/BRL,BRL,5.8824
2026-05-15,EURBRL,FX,EUR/BRL,BRL,5.8309
2026-05-18,EURBRL,FX,EUR/BRL,BRL,5.872
2026-05-19,EURBRL,FX,EUR/BRL,BRL,5.8343
2026-05-20,EURBRL,FX,EUR/BRL,BRL,5.8651
2026-05-21,EURBRL,FX,EUR/BRL,BRL,5.8207
2026-05-22,EURBRL,FX,EUR/BRL,BRL,5.8241
2026-05-25,EURBRL,FX,EUR/BRL,BRL,5.8445
2026-05-26,EURBRL,FX,EUR/BRL,BRL,5.8241
2026-05-27,EURBRL,FX,EUR/BRL,BRL,5.8651
2026-05-28,EURBRL,FX,EUR/BRL,BRL,5.8893
2026-05-29,EURBRL,FX,EUR/BRL,BRL,5.8824
2026-06-01,EURBRL,FX,EUR/BRL,BRL,5.8651
2026-06-02,EURBRL,FX,EUR/BRL,BRL,5.8582
2026-06-03,EURBRL,FX,EUR/BRL,BRL,5.8309
2026-06-04,EURBRL,FX,EUR/BRL,BRL,5.8893
2026-06-05,EURBRL,FX,EUR/BRL,BRL,5.872
2026-06-08,EURBRL,FX,EUR/BRL,BRL,5.963
2026-06-09,EURBRL,FX,EUR/BRL,BRL,5.9916
2026-06-10,EURBRL,FX,EUR/BRL,BRL,5.9809
2026-06-11,EURBRL,FX,EUR/BRL,BRL,5.9844
2026-06-12,EURBRL,FX,EUR/BRL,BRL,5.9137
2026-06-15,EURBRL,FX,EUR/BRL,BRL,5.8685
2026-06-16,EURBRL,FX,EUR/BRL,BRL,5.8789
2026-06-17,EURBRL,FX,EUR/BRL,BRL,5.9172
2026-06-18,EURBRL,FX,EUR/BRL,BRL,5.9173
2025-12-10,IBOV,BR,Ibovespa,BRL,159075.0
2025-12-11,IBOV,BR,Ibovespa,BRL,159189.0
2025-12-12,IBOV,BR,Ibovespa,BRL,160766.0
2025-12-15,IBOV,BR,Ibovespa,BRL,162482.0
2025-12-16,IBOV,BR,Ibovespa,BRL,158578.0
2025-12-17,IBOV,BR,Ibovespa,BRL,157327.0
2025-12-18,IBOV,BR,Ibovespa,BRL,157923.0
2025-12-19,IBOV,BR,Ibovespa,BRL,158473.0
2025-12-22,IBOV,BR,Ibovespa,BRL,158142.0
2025-12-23,IBOV,BR,Ibovespa,BRL,160456.0
2025-12-26,IBOV,BR,Ibovespa,BRL,160897.0
2025-12-29,IBOV,BR,Ibovespa,BRL,160490.0
2025-12-30,IBOV,BR,Ibovespa,BRL,161125.0
2026-01-02,IBOV,BR,Ibovespa,BRL,160539.0
2026-01-05,IBOV,BR,Ibovespa,BRL,161870.0
2026-01-06,IBOV,BR,Ibovespa,BRL,163664.0
2026-01-07,IBOV,BR,Ibovespa,BRL,161975.0
2026-01-08,IBOV,BR,Ibovespa,BRL,162937.0
2026-01-09,IBOV,BR,Ibovespa,BRL,163370.0
2026-01-12,IBOV,BR,Ibovespa,BRL,163150.0
2026-01-13,IBOV,BR,Ibovespa,BRL,161973.0
2026-01-14,IBOV,BR,Ibovespa,BRL,165146.0
2026-01-15,IBOV,BR,Ibovespa,BRL,165568.0
2026-01-16,IBOV,BR,Ibovespa,BRL,164800.0
2026-01-19,IBOV,BR,Ibovespa,BRL,164849.0
2026-01-20,IBOV,BR,Ibovespa,BRL,166277.0
2026-01-21,IBOV,BR,Ibovespa,BRL,171817.0
2026-01-22,IBOV,BR,Ibovespa,BRL,175589.0
2026-01-23,IBOV,BR,Ibovespa,BRL,178859.0
2026-01-26,IBOV,BR,Ibovespa,BRL,178721.0
2026-01-27,IBOV,BR,Ibovespa,BRL,181919.0
2026-01-28,IBOV,BR,Ibovespa,BRL,184691.0
2026-01-29,IBOV,BR,Ibovespa,BRL,183134.0
2026-01-30,IBOV,BR,Ibovespa,BRL,181364.0
2026-02-02,IBOV,BR,Ibovespa,BRL,182793.0
2026-02-03,IBOV,BR,Ibovespa,BRL,185674.0
2026-02-04,IBOV,BR,Ibovespa,BRL,181708.0
2026-02-05,IBOV,BR,Ibovespa,BRL,182127.0
2026-02-06,IBOV,BR,Ibovespa,BRL,182950.0
2026-02-09,IBOV,BR,Ibovespa,BRL,186241.0
2026-02-10,IBOV,BR,Ibovespa,BRL,185929.0
2026-02-11,IBOV,BR,Ibovespa,BRL,189699.0
2026-02-12,IBOV,BR,Ibovespa,BRL,187766.0
2026-02-13,IBOV,BR,Ibovespa,BRL,186464.0
2026-02-18,IBOV,BR,Ibovespa,BRL,186016.0
2026-02-19,IBOV,BR,Ibovespa,BRL,188534.0
2026-02-20,IBOV,BR,Ibovespa,BRL,190534.0
2026-02-23,IBOV,BR,Ibovespa,BRL,188854.0
2026-02-24,IBOV,BR,Ibovespa,BRL,191490.0
2026-02-25,IBOV,BR,Ibovespa,BRL,191248.0
2026-02-26,IBOV,BR,Ibovespa,BRL,191005.0
2026-02-27,IBOV,BR,Ibovespa,BRL,188787.0
2026-03-02,IBOV,BR,Ibovespa,BRL,189307.0
2026-03-03,IBOV,BR,Ibovespa,BRL,183105.0
2026-03-04,IBOV,BR,Ibovespa,BRL,185366.0
2026-03-05,IBOV,BR,Ibovespa,BRL,180464.0
2026-03-06,IBOV,BR,Ibovespa,BRL,179365.0
2026-03-09,IBOV,BR,Ibovespa,BRL,180915.0
2026-03-10,IBOV,BR,Ibovespa,BRL,183447.0
2026-03-11,IBOV,BR,Ibovespa,BRL,183969.0
2026-03-12,IBOV,BR,Ibovespa,BRL,179285.0
2026-03-13,IBOV,BR,Ibovespa,BRL,177653.0
2026-03-16,IBOV,BR,Ibovespa,BRL,179875.0
2026-03-17,IBOV,BR,Ibovespa,BRL,180410.0
2026-03-18,IBOV,BR,Ibovespa,BRL,179640.0
2026-03-19,IBOV,BR,Ibovespa,BRL,180271.0
2026-03-20,IBOV,BR,Ibovespa,BRL,176219.0
2026-03-23,IBOV,BR,Ibovespa,BRL,181932.0
2026-03-24,IBOV,BR,Ibovespa,BRL,182509.0
2026-03-25,IBOV,BR,Ibovespa,BRL,185424.0
2026-03-26,IBOV,BR,Ibovespa,BRL,182733.0
2026-03-27,IBOV,BR,Ibovespa,BRL,181557.0
2026-03-30,IBOV,BR,Ibovespa,BRL,182514.0
2026-03-31,IBOV,BR,Ibovespa,BRL,187462.0
2026-04-01,IBOV,BR,Ibovespa,BRL,187953.0
2026-04-02,IBOV,BR,Ibovespa,BRL,188052.0
2026-04-06,IBOV,BR,Ibovespa,BRL,188162.0
2026-04-07,IBOV,BR,Ibovespa,BRL,188259.0
2026-04-08,IBOV,BR,Ibovespa,BRL,192201.0
2026-04-09,IBOV,BR,Ibovespa,BRL,195129.0
2026-04-10,IBOV,BR,Ibovespa,BRL,197324.0
2026-04-13,IBOV,BR,Ibovespa,BRL,198001.0
2026-04-14,IBOV,BR,Ibovespa,BRL,198657.0
2026-04-15,IBOV,BR,Ibovespa,BRL,197738.0
2026-04-16,IBOV,BR,Ibovespa,BRL,196819.0
2026-04-17,IBOV,BR,Ibovespa,BRL,195734.0
2026-04-20,IBOV,BR,Ibovespa,BRL,196132.0
2026-04-22,IBOV,BR,Ibovespa,BRL,192889.0
2026-04-23,IBOV,BR,Ibovespa,BRL,191378.0
2026-04-24,IBOV,BR,Ibovespa,BRL,190745.0
2026-04-27,IBOV,BR,Ibovespa,BRL,189579.0
2026-04-28,IBOV,BR,Ibovespa,BRL,188619.0
2026-04-29,IBOV,BR,Ibovespa,BRL,184750.0
2026-04-30,IBOV,BR,Ibovespa,BRL,187318.0
2026-05-04,IBOV,BR,Ibovespa,BRL,185600.0
2026-05-05,IBOV,BR,Ibovespa,BRL,186754.0
2026-05-06,IBOV,BR,Ibovespa,BRL,187691.0
2026-05-07,IBOV,BR,Ibovespa,BRL,183218.0
2026-05-08,IBOV,BR,Ibovespa,BRL,184108.0
2026-05-11,IBOV,BR,Ibovespa,BRL,181909.0
2026-05-12,IBOV,BR,Ibovespa,BRL,180342.0
2026-05-13,IBOV,BR,Ibovespa,BRL,177098.0
2026-05-14,IBOV,BR,Ibovespa,BRL,178366.0
2026-05-15,IBOV,BR,Ibovespa,BRL,177284.0
2026-05-18,IBOV,BR,Ibovespa,BRL,176976.0
2026-05-19,IBOV,BR,Ibovespa,BRL,174279.0
2026-05-20,IBOV,BR,Ibovespa,BRL,177356.0
2026-05-21,IBOV,BR,Ibovespa,BRL,177650.0
2026-05-22,IBOV,BR,Ibovespa,BRL,176210.0
2026-05-25,IBOV,BR,Ibovespa,BRL,177359.0
2026-05-26,IBOV,BR,Ibovespa,BRL,176589.0
2026-05-27,IBOV,BR,Ibovespa,BRL,175744.0
2026-05-28,IBOV,BR,Ibovespa,BRL,175063.0
2026-05-29,IBOV,BR,Ibovespa,BRL,173788.0
2026-06-01,IBOV,BR,Ibovespa,BRL,172198.0
2026-06-02,IBOV,BR,Ibovespa,BRL,174198.0
2026-06-03,IBOV,BR,Ibovespa,BRL,170331.0
2026-06-05,IBOV,BR,Ibovespa,BRL,169019.0
2026-06-08,IBOV,BR,Ibovespa,BRL,168669.0
2026-06-09,IBOV,BR,Ibovespa,BRL,169813.0
2026-06-10,IBOV,BR,Ibovespa,BRL,168619.0
2026-06-11,IBOV,BR,Ibovespa,BRL,171497.0
2026-06-12,IBOV,BR,Ibovespa,BRL,171133.0
2026-06-15,IBOV,BR,Ibovespa,BRL,170415.0
2026-06-16,IBOV,BR,Ibovespa,BRL,169649.0
2026-06-17,IBOV,BR,Ibovespa,BRL,168454.0
2026-06-18,IBOV,BR,Ibovespa,BRL,168277.55
2025-12-10,NASDAQ,US,Nasdaq Comp.,USD,23654.15
2025-12-11,NASDAQ,US,Nasdaq Comp.,USD,23593.86
2025-12-12,NASDAQ,US,Nasdaq Comp.,USD,23195.17
2025-12-15,NASDAQ,US,Nasdaq Comp.,USD,23057.41
2025-12-16,NASDAQ,US,Nasdaq Comp.,USD,23111.46
2025-12-17,NASDAQ,US,Nasdaq Comp.,USD,22693.32
2025-12-18,NASDAQ,US,Nasdaq Comp.,USD,23006.36
2025-12-19,NASDAQ,US,Nasdaq Comp.,USD,23307.62
2025-12-22,NASDAQ,US,Nasdaq Comp.,USD,23428.83
2025-12-23,NASDAQ,US,Nasdaq Comp.,USD,23561.84
2025-12-24,NASDAQ,US,Nasdaq Comp.,USD,23613.31
2025-12-26,NASDAQ,US,Nasdaq Comp.,USD,23593.1
2025-12-29,NASDAQ,US,Nasdaq Comp.,USD,23474.35
2025-12-30,NASDAQ,US,Nasdaq Comp.,USD,23419.08
2025-12-31,NASDAQ,US,Nasdaq Comp.,USD,23241.99
2026-01-02,NASDAQ,US,Nasdaq Comp.,USD,23235.63
2026-01-05,NASDAQ,US,Nasdaq Comp.,USD,23395.82
2026-01-06,NASDAQ,US,Nasdaq Comp.,USD,23547.17
2026-01-07,NASDAQ,US,Nasdaq Comp.,USD,23584.28
2026-01-08,NASDAQ,US,Nasdaq Comp.,USD,23480.02
2026-01-09,NASDAQ,US,Nasdaq Comp.,USD,23671.35
2026-01-12,NASDAQ,US,Nasdaq Comp.,USD,23733.9
2026-01-13,NASDAQ,US,Nasdaq Comp.,USD,23709.87
2026-01-14,NASDAQ,US,Nasdaq Comp.,USD,23471.75
2026-01-15,NASDAQ,US,Nasdaq Comp.,USD,23530.02
2026-01-16,NASDAQ,US,Nasdaq Comp.,USD,23515.39
2026-01-20,NASDAQ,US,Nasdaq Comp.,USD,22954.32
2026-01-21,NASDAQ,US,Nasdaq Comp.,USD,23224.82
2026-01-22,NASDAQ,US,Nasdaq Comp.,USD,23436.02
2026-01-23,NASDAQ,US,Nasdaq Comp.,USD,23501.24
2026-01-26,NASDAQ,US,Nasdaq Comp.,USD,23601.36
2026-01-27,NASDAQ,US,Nasdaq Comp.,USD,23817.1
2026-01-28,NASDAQ,US,Nasdaq Comp.,USD,23857.45
2026-01-29,NASDAQ,US,Nasdaq Comp.,USD,23685.12
2026-01-30,NASDAQ,US,Nasdaq Comp.,USD,23461.82
2026-02-02,NASDAQ,US,Nasdaq Comp.,USD,23592.11
2026-02-03,NASDAQ,US,Nasdaq Comp.,USD,23255.19
2026-02-04,NASDAQ,US,Nasdaq Comp.,USD,22904.58
2026-02-05,NASDAQ,US,Nasdaq Comp.,USD,22540.59
2026-02-06,NASDAQ,US,Nasdaq Comp.,USD,23031.21
2026-02-09,NASDAQ,US,Nasdaq Comp.,USD,23238.67
2026-02-10,NASDAQ,US,Nasdaq Comp.,USD,23102.47
2026-02-11,NASDAQ,US,Nasdaq Comp.,USD,23066.47
2026-02-12,NASDAQ,US,Nasdaq Comp.,USD,22597.15
2026-02-13,NASDAQ,US,Nasdaq Comp.,USD,22546.67
2026-02-17,NASDAQ,US,Nasdaq Comp.,USD,22578.38
2026-02-18,NASDAQ,US,Nasdaq Comp.,USD,22753.63
2026-02-19,NASDAQ,US,Nasdaq Comp.,USD,22682.73
2026-02-20,NASDAQ,US,Nasdaq Comp.,USD,22886.07
2026-02-23,NASDAQ,US,Nasdaq Comp.,USD,22627.27
2026-02-24,NASDAQ,US,Nasdaq Comp.,USD,22863.68
2026-02-25,NASDAQ,US,Nasdaq Comp.,USD,23152.08
2026-02-26,NASDAQ,US,Nasdaq Comp.,USD,22878.38
2026-02-27,NASDAQ,US,Nasdaq Comp.,USD,22668.21
2026-03-02,NASDAQ,US,Nasdaq Comp.,USD,22748.86
2026-03-03,NASDAQ,US,Nasdaq Comp.,USD,22516.69
2026-03-04,NASDAQ,US,Nasdaq Comp.,USD,22807.48
2026-03-05,NASDAQ,US,Nasdaq Comp.,USD,22748.99
2026-03-06,NASDAQ,US,Nasdaq Comp.,USD,22387.68
2026-03-09,NASDAQ,US,Nasdaq Comp.,USD,22695.95
2026-03-10,NASDAQ,US,Nasdaq Comp.,USD,22697.1
2026-03-11,NASDAQ,US,Nasdaq Comp.,USD,22716.13
2026-03-12,NASDAQ,US,Nasdaq Comp.,USD,22311.98
2026-03-13,NASDAQ,US,Nasdaq Comp.,USD,22105.36
2026-03-16,NASDAQ,US,Nasdaq Comp.,USD,22374.18
2026-03-17,NASDAQ,US,Nasdaq Comp.,USD,22479.53
2026-03-18,NASDAQ,US,Nasdaq Comp.,USD,22152.42
2026-03-19,NASDAQ,US,Nasdaq Comp.,USD,22090.69
2026-03-20,NASDAQ,US,Nasdaq Comp.,USD,21647.61
2026-03-23,NASDAQ,US,Nasdaq Comp.,USD,21946.76
2026-03-24,NASDAQ,US,Nasdaq Comp.,USD,21761.89
2026-03-25,NASDAQ,US,Nasdaq Comp.,USD,21929.82
2026-03-26,NASDAQ,US,Nasdaq Comp.,USD,21408.08
2026-03-27,NASDAQ,US,Nasdaq Comp.,USD,20948.36
2026-03-30,NASDAQ,US,Nasdaq Comp.,USD,20794.64
2026-03-31,NASDAQ,US,Nasdaq Comp.,USD,21590.63
2026-04-01,NASDAQ,US,Nasdaq Comp.,USD,21840.95
2026-04-02,NASDAQ,US,Nasdaq Comp.,USD,21879.18
2026-04-06,NASDAQ,US,Nasdaq Comp.,USD,21996.34
2026-04-07,NASDAQ,US,Nasdaq Comp.,USD,22017.85
2026-04-08,NASDAQ,US,Nasdaq Comp.,USD,22634.99
2026-04-09,NASDAQ,US,Nasdaq Comp.,USD,22822.42
2026-04-10,NASDAQ,US,Nasdaq Comp.,USD,22902.89
2026-04-13,NASDAQ,US,Nasdaq Comp.,USD,23183.74
2026-04-14,NASDAQ,US,Nasdaq Comp.,USD,23639.08
2026-04-15,NASDAQ,US,Nasdaq Comp.,USD,24016.02
2026-04-16,NASDAQ,US,Nasdaq Comp.,USD,24102.7
2026-04-17,NASDAQ,US,Nasdaq Comp.,USD,24468.48
2026-04-20,NASDAQ,US,Nasdaq Comp.,USD,24404.39
2026-04-21,NASDAQ,US,Nasdaq Comp.,USD,24259.96
2026-04-22,NASDAQ,US,Nasdaq Comp.,USD,24657.57
2026-04-23,NASDAQ,US,Nasdaq Comp.,USD,24438.5
2026-04-24,NASDAQ,US,Nasdaq Comp.,USD,24836.6
2026-04-27,NASDAQ,US,Nasdaq Comp.,USD,24887.1
2026-04-28,NASDAQ,US,Nasdaq Comp.,USD,24663.8
2026-04-29,NASDAQ,US,Nasdaq Comp.,USD,24673.24
2026-04-30,NASDAQ,US,Nasdaq Comp.,USD,24892.31
2026-05-01,NASDAQ,US,Nasdaq Comp.,USD,25114.44
2026-05-04,NASDAQ,US,Nasdaq Comp.,USD,25067.8
2026-05-05,NASDAQ,US,Nasdaq Comp.,USD,25326.13
2026-05-06,NASDAQ,US,Nasdaq Comp.,USD,25838.94
2026-05-07,NASDAQ,US,Nasdaq Comp.,USD,25806.2
2026-05-08,NASDAQ,US,Nasdaq Comp.,USD,26247.08
2026-05-11,NASDAQ,US,Nasdaq Comp.,USD,26274.13
2026-05-12,NASDAQ,US,Nasdaq Comp.,USD,26088.2
2026-05-13,NASDAQ,US,Nasdaq Comp.,USD,26402.34
2026-05-14,NASDAQ,US,Nasdaq Comp.,USD,26635.22
2026-05-15,NASDAQ,US,Nasdaq Comp.,USD,26225.14
2026-05-18,NASDAQ,US,Nasdaq Comp.,USD,26090.73
2026-05-19,NASDAQ,US,Nasdaq Comp.,USD,25870.71
2026-05-20,NASDAQ,US,Nasdaq Comp.,USD,26270.36
2026-05-21,NASDAQ,US,Nasdaq Comp.,USD,26293.1
2026-05-22,NASDAQ,US,Nasdaq Comp.,USD,26343.97
2026-05-26,NASDAQ,US,Nasdaq Comp.,USD,26656.18
2026-05-27,NASDAQ,US,Nasdaq Comp.,USD,26674.73
2026-05-28,NASDAQ,US,Nasdaq Comp.,USD,26917.47
2026-05-29,NASDAQ,US,Nasdaq Comp.,USD,26972.62
2026-06-01,NASDAQ,US,Nasdaq Comp.,USD,27086.81
2026-06-02,NASDAQ,US,Nasdaq Comp.,USD,27093.9
2026-06-03,NASDAQ,US,Nasdaq Comp.,USD,26853.98
2026-06-04,NASDAQ,US,Nasdaq Comp.,USD,26830.96
2026-06-05,NASDAQ,US,Nasdaq Comp.,USD,25709.43
2026-06-08,NASDAQ,US,Nasdaq Comp.,USD,25929.66
2026-06-09,NASDAQ,US,Nasdaq Comp.,USD,25678.82
2026-06-10,NASDAQ,US,Nasdaq Comp.,USD,25169.5
2026-06-11,NASDAQ,US,Nasdaq Comp.,USD,25809.66
2026-06-12,NASDAQ,US,Nasdaq Comp.,USD,25888.84
2026-06-15,NASDAQ,US,Nasdaq Comp.,USD,26683.94
2026-06-16,NASDAQ,US,Nasdaq Comp.,USD,26376.34
2026-06-17,NASDAQ,US,Nasdaq Comp.,USD,26021.66
2026-06-18,NASDAQ,US,Nasdaq Comp.,USD,26517.93
2025-12-10,SP500,US,S&P 500,USD,6886.68
2025-12-11,SP500,US,S&P 500,USD,6901.0
2025-12-12,SP500,US,S&P 500,USD,6827.41
2025-12-15,SP500,US,S&P 500,USD,6816.51
2025-12-16,SP500,US,S&P 500,USD,6800.26
2025-12-17,SP500,US,S&P 500,USD,6721.43
2025-12-18,SP500,US,S&P 500,USD,6774.76
2025-12-19,SP500,US,S&P 500,USD,6834.5
2025-12-22,SP500,US,S&P 500,USD,6878.49
2025-12-23,SP500,US,S&P 500,USD,6909.79
2025-12-24,SP500,US,S&P 500,USD,6932.05
2025-12-26,SP500,US,S&P 500,USD,6929.94
2025-12-29,SP500,US,S&P 500,USD,6905.74
2025-12-30,SP500,US,S&P 500,USD,6896.24
2025-12-31,SP500,US,S&P 500,USD,6845.5
2026-01-02,SP500,US,S&P 500,USD,6858.47
2026-01-05,SP500,US,S&P 500,USD,6902.05
2026-01-06,SP500,US,S&P 500,USD,6944.82
2026-01-07,SP500,US,S&P 500,USD,6920.93
2026-01-08,SP500,US,S&P 500,USD,6921.46
2026-01-09,SP500,US,S&P 500,USD,6966.28
2026-01-12,SP500,US,S&P 500,USD,6977.27
2026-01-13,SP500,US,S&P 500,USD,6963.74
2026-01-14,SP500,US,S&P 500,USD,6926.6
2026-01-15,SP500,US,S&P 500,USD,6944.47
2026-01-16,SP500,US,S&P 500,USD,6940.01
2026-01-20,SP500,US,S&P 500,USD,6796.86
2026-01-21,SP500,US,S&P 500,USD,6875.62
2026-01-22,SP500,US,S&P 500,USD,6913.35
2026-01-23,SP500,US,S&P 500,USD,6915.61
2026-01-26,SP500,US,S&P 500,USD,6950.23
2026-01-27,SP500,US,S&P 500,USD,6978.6
2026-01-28,SP500,US,S&P 500,USD,6978.03
2026-01-29,SP500,US,S&P 500,USD,6969.01
2026-01-30,SP500,US,S&P 500,USD,6939.03
2026-02-02,SP500,US,S&P 500,USD,6976.44
2026-02-03,SP500,US,S&P 500,USD,6917.81
2026-02-04,SP500,US,S&P 500,USD,6882.72
2026-02-05,SP500,US,S&P 500,USD,6798.4
2026-02-06,SP500,US,S&P 500,USD,6932.3
2026-02-09,SP500,US,S&P 500,USD,6964.82
2026-02-10,SP500,US,S&P 500,USD,6941.81
2026-02-11,SP500,US,S&P 500,USD,6941.47
2026-02-12,SP500,US,S&P 500,USD,6832.76
2026-02-13,SP500,US,S&P 500,USD,6836.17
2026-02-17,SP500,US,S&P 500,USD,6843.22
2026-02-18,SP500,US,S&P 500,USD,6881.31
2026-02-19,SP500,US,S&P 500,USD,6861.89
2026-02-20,SP500,US,S&P 500,USD,6909.51
2026-02-23,SP500,US,S&P 500,USD,6837.75
2026-02-24,SP500,US,S&P 500,USD,6890.07
2026-02-25,SP500,US,S&P 500,USD,6946.13
2026-02-26,SP500,US,S&P 500,USD,6908.86
2026-02-27,SP500,US,S&P 500,USD,6878.88
2026-03-02,SP500,US,S&P 500,USD,6881.62
2026-03-03,SP500,US,S&P 500,USD,6816.63
2026-03-04,SP500,US,S&P 500,USD,6869.5
2026-03-05,SP500,US,S&P 500,USD,6830.71
2026-03-06,SP500,US,S&P 500,USD,6740.02
2026-03-09,SP500,US,S&P 500,USD,6795.99
2026-03-10,SP500,US,S&P 500,USD,6781.48
2026-03-11,SP500,US,S&P 500,USD,6775.8
2026-03-12,SP500,US,S&P 500,USD,6672.62
2026-03-13,SP500,US,S&P 500,USD,6632.19
2026-03-16,SP500,US,S&P 500,USD,6699.38
2026-03-17,SP500,US,S&P 500,USD,6716.09
2026-03-18,SP500,US,S&P 500,USD,6624.7
2026-03-19,SP500,US,S&P 500,USD,6606.49
2026-03-20,SP500,US,S&P 500,USD,6506.48
2026-03-23,SP500,US,S&P 500,USD,6581.0
2026-03-24,SP500,US,S&P 500,USD,6556.37
2026-03-25,SP500,US,S&P 500,USD,6591.9
2026-03-26,SP500,US,S&P 500,USD,6477.16
2026-03-27,SP500,US,S&P 500,USD,6368.85
2026-03-30,SP500,US,S&P 500,USD,6343.72
2026-03-31,SP500,US,S&P 500,USD,6528.52
2026-04-01,SP500,US,S&P 500,USD,6575.32
2026-04-02,SP500,US,S&P 500,USD,6582.69
2026-04-06,SP500,US,S&P 500,USD,6611.83
2026-04-07,SP500,US,S&P 500,USD,6616.85
2026-04-08,SP500,US,S&P 500,USD,6782.81
2026-04-09,SP500,US,S&P 500,USD,6824.66
2026-04-10,SP500,US,S&P 500,USD,6816.89
2026-04-13,SP500,US,S&P 500,USD,6886.24
2026-04-14,SP500,US,S&P 500,USD,6967.38
2026-04-15,SP500,US,S&P 500,USD,7022.95
2026-04-16,SP500,US,S&P 500,USD,7041.28
2026-04-17,SP500,US,S&P 500,USD,7126.06
2026-04-20,SP500,US,S&P 500,USD,7109.14
2026-04-21,SP500,US,S&P 500,USD,7064.01
2026-04-22,SP500,US,S&P 500,USD,7137.9
2026-04-23,SP500,US,S&P 500,USD,7108.4
2026-04-24,SP500,US,S&P 500,USD,7165.08
2026-04-27,SP500,US,S&P 500,USD,7173.91
2026-04-28,SP500,US,S&P 500,USD,7138.8
2026-04-29,SP500,US,S&P 500,USD,7135.95
2026-04-30,SP500,US,S&P 500,USD,7209.01
2026-05-01,SP500,US,S&P 500,USD,7230.12
2026-05-04,SP500,US,S&P 500,USD,7200.75
2026-05-05,SP500,US,S&P 500,USD,7259.22
2026-05-06,SP500,US,S&P 500,USD,7365.12
2026-05-07,SP500,US,S&P 500,USD,7337.11
2026-05-08,SP500,US,S&P 500,USD,7398.93
2026-05-11,SP500,US,S&P 500,USD,7412.84
2026-05-12,SP500,US,S&P 500,USD,7400.96
2026-05-13,SP500,US,S&P 500,USD,7444.25
2026-05-14,SP500,US,S&P 500,USD,7501.24
2026-05-15,SP500,US,S&P 500,USD,7408.5
2026-05-18,SP500,US,S&P 500,USD,7403.05
2026-05-19,SP500,US,S&P 500,USD,7353.61
2026-05-20,SP500,US,S&P 500,USD,7432.97
2026-05-21,SP500,US,S&P 500,USD,7445.72
2026-05-22,SP500,US,S&P 500,USD,7473.47
2026-05-26,SP500,US,S&P 500,USD,7519.12
2026-05-27,SP500,US,S&P 500,USD,7520.36
2026-05-28,SP500,US,S&P 500,USD,7563.63
2026-05-29,SP500,US,S&P 500,USD,7580.06
2026-06-01,SP500,US,S&P 500,USD,7599.96
2026-06-02,SP500,US,S&P 500,USD,7609.78
2026-06-03,SP500,US,S&P 500,USD,7553.68
2026-06-04,SP500,US,S&P 500,USD,7584.31
2026-06-05,SP500,US,S&P 500,USD,7383.74
2026-06-08,SP500,US,S&P 500,USD,7405.73
2026-06-09,SP500,US,S&P 500,USD,7386.65
2026-06-10,SP500,US,S&P 500,USD,7266.99
2026-06-11,SP500,US,S&P 500,USD,7394.3
2026-06-12,SP500,US,S&P 500,USD,7431.46
2026-06-15,SP500,US,S&P 500,USD,7554.29
2026-06-16,SP500,US,S&P 500,USD,7511.35
2026-06-17,SP500,US,S&P 500,USD,7420.1
2026-06-18,SP500,US,S&P 500,USD,7500.58
2025-12-10,STOXX50,EU,Euro Stoxx 50,EUR,5708.12
2025-12-11,STOXX50,EU,Euro Stoxx 50,EUR,5753.96
2025-12-12,STOXX50,EU,Euro Stoxx 50,EUR,5720.71
2025-12-15,STOXX50,EU,Euro Stoxx 50,EUR,5752.52
2025-12-16,STOXX50,EU,Euro Stoxx 50,EUR,5717.83
2025-12-17,STOXX50,EU,Euro Stoxx 50,EUR,5681.67
2025-12-18,STOXX50,EU,Euro Stoxx 50,EUR,5741.71
2025-12-19,STOXX50,EU,Euro Stoxx 50,EUR,5760.35
2025-12-22,STOXX50,EU,Euro Stoxx 50,EUR,5743.69
2025-12-23,STOXX50,EU,Euro Stoxx 50,EUR,5749.28
2025-12-29,STOXX50,EU,Euro Stoxx 50,EUR,5751.71
2025-12-30,STOXX50,EU,Euro Stoxx 50,EUR,5796.22
2026-01-05,STOXX50,EU,Euro Stoxx 50,EUR,5923.69
2026-01-06,STOXX50,EU,Euro Stoxx 50,EUR,5931.79
2026-01-07,STOXX50,EU,Euro Stoxx 50,EUR,5923.57
2026-01-08,STOXX50,EU,Euro Stoxx 50,EUR,5904.32
2026-01-09,STOXX50,EU,Euro Stoxx 50,EUR,5997.47
2026-01-12,STOXX50,EU,Euro Stoxx 50,EUR,6016.3
2026-01-13,STOXX50,EU,Euro Stoxx 50,EUR,6029.83
2026-01-14,STOXX50,EU,Euro Stoxx 50,EUR,6005.05
2026-01-15,STOXX50,EU,Euro Stoxx 50,EUR,6041.14
2026-01-16,STOXX50,EU,Euro Stoxx 50,EUR,6029.45
2026-01-19,STOXX50,EU,Euro Stoxx 50,EUR,5925.82
2026-01-20,STOXX50,EU,Euro Stoxx 50,EUR,5892.08
2026-01-21,STOXX50,EU,Euro Stoxx 50,EUR,5882.88
2026-01-22,STOXX50,EU,Euro Stoxx 50,EUR,5956.17
2026-01-23,STOXX50,EU,Euro Stoxx 50,EUR,5948.2
2026-01-26,STOXX50,EU,Euro Stoxx 50,EUR,5957.8
2026-01-27,STOXX50,EU,Euro Stoxx 50,EUR,5994.59
2026-01-28,STOXX50,EU,Euro Stoxx 50,EUR,5933.2
2026-01-29,STOXX50,EU,Euro Stoxx 50,EUR,5891.95
2026-01-30,STOXX50,EU,Euro Stoxx 50,EUR,5947.81
2026-02-02,STOXX50,EU,Euro Stoxx 50,EUR,6007.51
2026-02-03,STOXX50,EU,Euro Stoxx 50,EUR,5995.35
2026-02-04,STOXX50,EU,Euro Stoxx 50,EUR,5970.47
2026-02-05,STOXX50,EU,Euro Stoxx 50,EUR,5925.7
2026-02-06,STOXX50,EU,Euro Stoxx 50,EUR,5998.4
2026-02-09,STOXX50,EU,Euro Stoxx 50,EUR,6059.01
2026-02-10,STOXX50,EU,Euro Stoxx 50,EUR,6047.06
2026-02-11,STOXX50,EU,Euro Stoxx 50,EUR,6035.64
2026-02-12,STOXX50,EU,Euro Stoxx 50,EUR,6011.29
2026-02-13,STOXX50,EU,Euro Stoxx 50,EUR,5985.23
2026-02-16,STOXX50,EU,Euro Stoxx 50,EUR,5978.88
2026-02-17,STOXX50,EU,Euro Stoxx 50,EUR,6021.85
2026-02-18,STOXX50,EU,Euro Stoxx 50,EUR,6103.37
2026-02-19,STOXX50,EU,Euro Stoxx 50,EUR,6059.62
2026-02-20,STOXX50,EU,Euro Stoxx 50,EUR,6131.31
2026-02-23,STOXX50,EU,Euro Stoxx 50,EUR,6113.92
2026-02-24,STOXX50,EU,Euro Stoxx 50,EUR,6116.6
2026-02-25,STOXX50,EU,Euro Stoxx 50,EUR,6173.32
2026-02-26,STOXX50,EU,Euro Stoxx 50,EUR,6161.56
2026-02-27,STOXX50,EU,Euro Stoxx 50,EUR,6138.41
2026-03-02,STOXX50,EU,Euro Stoxx 50,EUR,5986.93
2026-03-03,STOXX50,EU,Euro Stoxx 50,EUR,5771.73
2026-03-04,STOXX50,EU,Euro Stoxx 50,EUR,5870.92
2026-03-05,STOXX50,EU,Euro Stoxx 50,EUR,5782.89
2026-03-06,STOXX50,EU,Euro Stoxx 50,EUR,5719.9
2026-03-09,STOXX50,EU,Euro Stoxx 50,EUR,5685.2
2026-03-10,STOXX50,EU,Euro Stoxx 50,EUR,5837.17
2026-03-11,STOXX50,EU,Euro Stoxx 50,EUR,5794.68
2026-03-12,STOXX50,EU,Euro Stoxx 50,EUR,5748.89
2026-03-13,STOXX50,EU,Euro Stoxx 50,EUR,5716.61
2026-03-16,STOXX50,EU,Euro Stoxx 50,EUR,5739.01
2026-03-17,STOXX50,EU,Euro Stoxx 50,EUR,5769.25
2026-03-18,STOXX50,EU,Euro Stoxx 50,EUR,5736.85
2026-03-19,STOXX50,EU,Euro Stoxx 50,EUR,5613.83
2026-03-20,STOXX50,EU,Euro Stoxx 50,EUR,5501.28
2026-03-23,STOXX50,EU,Euro Stoxx 50,EUR,5574.32
2026-03-24,STOXX50,EU,Euro Stoxx 50,EUR,5581.29
2026-03-25,STOXX50,EU,Euro Stoxx 50,EUR,5649.33
2026-03-26,STOXX50,EU,Euro Stoxx 50,EUR,5565.93
2026-03-27,STOXX50,EU,Euro Stoxx 50,EUR,5505.8
2026-03-30,STOXX50,EU,Euro Stoxx 50,EUR,5541.79
2026-03-31,STOXX50,EU,Euro Stoxx 50,EUR,5569.73
2026-04-01,STOXX50,EU,Euro Stoxx 50,EUR,5732.71
2026-04-02,STOXX50,EU,Euro Stoxx 50,EUR,5692.86
2026-04-07,STOXX50,EU,Euro Stoxx 50,EUR,5633.22
2026-04-08,STOXX50,EU,Euro Stoxx 50,EUR,5913.37
2026-04-09,STOXX50,EU,Euro Stoxx 50,EUR,5896.29
2026-04-10,STOXX50,EU,Euro Stoxx 50,EUR,5926.11
2026-04-13,STOXX50,EU,Euro Stoxx 50,EUR,5905.02
2026-04-14,STOXX50,EU,Euro Stoxx 50,EUR,5984.51
2026-04-15,STOXX50,EU,Euro Stoxx 50,EUR,5940.34
2026-04-16,STOXX50,EU,Euro Stoxx 50,EUR,5933.28
2026-04-17,STOXX50,EU,Euro Stoxx 50,EUR,6057.71
2026-04-20,STOXX50,EU,Euro Stoxx 50,EUR,5982.63
2026-04-21,STOXX50,EU,Euro Stoxx 50,EUR,5930.25
2026-04-22,STOXX50,EU,Euro Stoxx 50,EUR,5906.22
2026-04-23,STOXX50,EU,Euro Stoxx 50,EUR,5894.73
2026-04-24,STOXX50,EU,Euro Stoxx 50,EUR,5883.48
2026-04-27,STOXX50,EU,Euro Stoxx 50,EUR,5860.32
2026-04-28,STOXX50,EU,Euro Stoxx 50,EUR,5836.1
2026-04-29,STOXX50,EU,Euro Stoxx 50,EUR,5816.48
2026-04-30,STOXX50,EU,Euro Stoxx 50,EUR,5881.51
2026-05-04,STOXX50,EU,Euro Stoxx 50,EUR,5763.61
2026-05-05,STOXX50,EU,Euro Stoxx 50,EUR,5869.63
2026-05-06,STOXX50,EU,Euro Stoxx 50,EUR,6027.13
2026-05-07,STOXX50,EU,Euro Stoxx 50,EUR,5972.65
2026-05-08,STOXX50,EU,Euro Stoxx 50,EUR,5911.53
2026-05-11,STOXX50,EU,Euro Stoxx 50,EUR,5895.45
2026-05-12,STOXX50,EU,Euro Stoxx 50,EUR,5808.45
2026-05-13,STOXX50,EU,Euro Stoxx 50,EUR,5861.07
2026-05-15,STOXX50,EU,Euro Stoxx 50,EUR,5827.76
2026-05-18,STOXX50,EU,Euro Stoxx 50,EUR,5849.0
2026-05-19,STOXX50,EU,Euro Stoxx 50,EUR,5851.16
2026-05-20,STOXX50,EU,Euro Stoxx 50,EUR,5976.07
2026-05-21,STOXX50,EU,Euro Stoxx 50,EUR,5960.32
2026-05-22,STOXX50,EU,Euro Stoxx 50,EUR,6019.45
2026-05-26,STOXX50,EU,Euro Stoxx 50,EUR,6064.15
2026-05-27,STOXX50,EU,Euro Stoxx 50,EUR,6070.54
2026-05-28,STOXX50,EU,Euro Stoxx 50,EUR,6055.11
2026-05-29,STOXX50,EU,Euro Stoxx 50,EUR,6050.54
2026-06-01,STOXX50,EU,Euro Stoxx 50,EUR,6034.95
2026-06-02,STOXX50,EU,Euro Stoxx 50,EUR,6107.85
2026-06-03,STOXX50,EU,Euro Stoxx 50,EUR,6053.57
2026-06-04,STOXX50,EU,Euro Stoxx 50,EUR,6103.33
2026-06-05,STOXX50,EU,Euro Stoxx 50,EUR,6062.07
2026-06-08,STOXX50,EU,Euro Stoxx 50,EUR,6062.29
2026-06-09,STOXX50,EU,Euro Stoxx 50,EUR,6049.74
2026-06-10,STOXX50,EU,Euro Stoxx 50,EUR,6009.95
2026-06-11,STOXX50,EU,Euro Stoxx 50,EUR,6056.96
2026-06-12,STOXX50,EU,Euro Stoxx 50,EUR,6187.63
2026-06-15,STOXX50,EU,Euro Stoxx 50,EUR,6229.43
2026-06-16,STOXX50,EU,Euro Stoxx 50,EUR,6257.42
2026-06-17,STOXX50,EU,Euro Stoxx 50,EUR,6300.07
2026-06-18,STOXX50,EU,Euro Stoxx 50,EUR,6323.27
2025-12-10,USDBRL,FX,USD/BRL (PTAX),BRL,5.4656
2025-12-11,USDBRL,FX,USD/BRL (PTAX),BRL,5.4237
2025-12-12,USDBRL,FX,USD/BRL (PTAX),BRL,5.4011
2025-12-15,USDBRL,FX,USD/BRL (PTAX),BRL,5.3929
2025-12-16,USDBRL,FX,USD/BRL (PTAX),BRL,5.4505
2025-12-17,USDBRL,FX,USD/BRL (PTAX),BRL,5.5093
2025-12-18,USDBRL,FX,USD/BRL (PTAX),BRL,5.5283
2025-12-19,USDBRL,FX,USD/BRL (PTAX),BRL,5.516
2025-12-22,USDBRL,FX,USD/BRL (PTAX),BRL,5.5389
2025-12-23,USDBRL,FX,USD/BRL (PTAX),BRL,5.5643
2025-12-24,USDBRL,FX,USD/BRL (PTAX),BRL,5.535
2025-12-26,USDBRL,FX,USD/BRL (PTAX),BRL,5.5413
2025-12-29,USDBRL,FX,USD/BRL (PTAX),BRL,5.5739
2025-12-30,USDBRL,FX,USD/BRL (PTAX),BRL,5.5024
2025-12-31,USDBRL,FX,USD/BRL (PTAX),BRL,5.5024
2026-01-02,USDBRL,FX,USD/BRL (PTAX),BRL,5.4372
2026-01-05,USDBRL,FX,USD/BRL (PTAX),BRL,5.4351
2026-01-06,USDBRL,FX,USD/BRL (PTAX),BRL,5.3797
2026-01-07,USDBRL,FX,USD/BRL (PTAX),BRL,5.388
2026-01-08,USDBRL,FX,USD/BRL (PTAX),BRL,5.386
2026-01-09,USDBRL,FX,USD/BRL (PTAX),BRL,5.3707
2026-01-12,USDBRL,FX,USD/BRL (PTAX),BRL,5.376
2026-01-13,USDBRL,FX,USD/BRL (PTAX),BRL,5.3764
2026-01-14,USDBRL,FX,USD/BRL (PTAX),BRL,5.3795
2026-01-15,USDBRL,FX,USD/BRL (PTAX),BRL,5.3846
2026-01-16,USDBRL,FX,USD/BRL (PTAX),BRL,5.3798
2026-01-19,USDBRL,FX,USD/BRL (PTAX),BRL,5.3653
2026-01-20,USDBRL,FX,USD/BRL (PTAX),BRL,5.379
2026-01-21,USDBRL,FX,USD/BRL (PTAX),BRL,5.3368
2026-01-22,USDBRL,FX,USD/BRL (PTAX),BRL,5.3118
2026-01-23,USDBRL,FX,USD/BRL (PTAX),BRL,5.2879
2026-01-26,USDBRL,FX,USD/BRL (PTAX),BRL,5.276
2026-01-27,USDBRL,FX,USD/BRL (PTAX),BRL,5.2392
2026-01-28,USDBRL,FX,USD/BRL (PTAX),BRL,5.1838
2026-01-29,USDBRL,FX,USD/BRL (PTAX),BRL,5.1956
2026-01-30,USDBRL,FX,USD/BRL (PTAX),BRL,5.2301
2026-02-02,USDBRL,FX,USD/BRL (PTAX),BRL,5.2587
2026-02-03,USDBRL,FX,USD/BRL (PTAX),BRL,5.2236
2026-02-04,USDBRL,FX,USD/BRL (PTAX),BRL,5.2359
2026-02-05,USDBRL,FX,USD/BRL (PTAX),BRL,5.258
2026-02-06,USDBRL,FX,USD/BRL (PTAX),BRL,5.2341
2026-02-09,USDBRL,FX,USD/BRL (PTAX),BRL,5.1943
2026-02-10,USDBRL,FX,USD/BRL (PTAX),BRL,5.2021
2026-02-11,USDBRL,FX,USD/BRL (PTAX),BRL,5.1836
2026-02-12,USDBRL,FX,USD/BRL (PTAX),BRL,5.1674
2026-02-13,USDBRL,FX,USD/BRL (PTAX),BRL,5.2288
2026-02-18,USDBRL,FX,USD/BRL (PTAX),BRL,5.2349
2026-02-19,USDBRL,FX,USD/BRL (PTAX),BRL,5.2257
2026-02-20,USDBRL,FX,USD/BRL (PTAX),BRL,5.2006
2026-02-23,USDBRL,FX,USD/BRL (PTAX),BRL,5.1635
2026-02-24,USDBRL,FX,USD/BRL (PTAX),BRL,5.1682
2026-02-25,USDBRL,FX,USD/BRL (PTAX),BRL,5.144
2026-02-26,USDBRL,FX,USD/BRL (PTAX),BRL,5.1382
2026-02-27,USDBRL,FX,USD/BRL (PTAX),BRL,5.1495
2026-03-02,USDBRL,FX,USD/BRL (PTAX),BRL,5.2001
2026-03-03,USDBRL,FX,USD/BRL (PTAX),BRL,5.287
2026-03-04,USDBRL,FX,USD/BRL (PTAX),BRL,5.2091
2026-03-05,USDBRL,FX,USD/BRL (PTAX),BRL,5.2447
2026-03-06,USDBRL,FX,USD/BRL (PTAX),BRL,5.2878
2026-03-09,USDBRL,FX,USD/BRL (PTAX),BRL,5.2139
2026-03-10,USDBRL,FX,USD/BRL (PTAX),BRL,5.1622
2026-03-11,USDBRL,FX,USD/BRL (PTAX),BRL,5.1596
2026-03-12,USDBRL,FX,USD/BRL (PTAX),BRL,5.2051
2026-03-13,USDBRL,FX,USD/BRL (PTAX),BRL,5.2541
2026-03-16,USDBRL,FX,USD/BRL (PTAX),BRL,5.2647
2026-03-17,USDBRL,FX,USD/BRL (PTAX),BRL,5.2022
2026-03-18,USDBRL,FX,USD/BRL (PTAX),BRL,5.2112
2026-03-19,USDBRL,FX,USD/BRL (PTAX),BRL,5.2587
2026-03-20,USDBRL,FX,USD/BRL (PTAX),BRL,5.28
2026-03-23,USDBRL,FX,USD/BRL (PTAX),BRL,5.244
2026-03-24,USDBRL,FX,USD/BRL (PTAX),BRL,5.2599
2026-03-25,USDBRL,FX,USD/BRL (PTAX),BRL,5.2275
2026-03-26,USDBRL,FX,USD/BRL (PTAX),BRL,5.2308
2026-03-27,USDBRL,FX,USD/BRL (PTAX),BRL,5.2376
2026-03-30,USDBRL,FX,USD/BRL (PTAX),BRL,5.2353
2026-03-31,USDBRL,FX,USD/BRL (PTAX),BRL,5.2194
2026-04-01,USDBRL,FX,USD/BRL (PTAX),BRL,5.1606
2026-04-02,USDBRL,FX,USD/BRL (PTAX),BRL,5.1655
2026-04-06,USDBRL,FX,USD/BRL (PTAX),BRL,5.1532
2026-04-07,USDBRL,FX,USD/BRL (PTAX),BRL,5.1625
2026-04-08,USDBRL,FX,USD/BRL (PTAX),BRL,5.0899
2026-04-09,USDBRL,FX,USD/BRL (PTAX),BRL,5.0821
2026-04-10,USDBRL,FX,USD/BRL (PTAX),BRL,5.0229
2026-04-13,USDBRL,FX,USD/BRL (PTAX),BRL,5.0244
2026-04-14,USDBRL,FX,USD/BRL (PTAX),BRL,4.9806
2026-04-15,USDBRL,FX,USD/BRL (PTAX),BRL,4.9928
2026-04-16,USDBRL,FX,USD/BRL (PTAX),BRL,5.0007
2026-04-17,USDBRL,FX,USD/BRL (PTAX),BRL,4.9695
2026-04-20,USDBRL,FX,USD/BRL (PTAX),BRL,4.9844
2026-04-22,USDBRL,FX,USD/BRL (PTAX),BRL,4.9653
2026-04-23,USDBRL,FX,USD/BRL (PTAX),BRL,4.9539
2026-04-24,USDBRL,FX,USD/BRL (PTAX),BRL,5.0083
2026-04-27,USDBRL,FX,USD/BRL (PTAX),BRL,4.97
2026-04-28,USDBRL,FX,USD/BRL (PTAX),BRL,4.9878
2026-04-29,USDBRL,FX,USD/BRL (PTAX),BRL,4.9985
2026-04-30,USDBRL,FX,USD/BRL (PTAX),BRL,4.9886
2026-05-04,USDBRL,FX,USD/BRL (PTAX),BRL,4.9587
2026-05-05,USDBRL,FX,USD/BRL (PTAX),BRL,4.9242
2026-05-06,USDBRL,FX,USD/BRL (PTAX),BRL,4.9274
2026-05-07,USDBRL,FX,USD/BRL (PTAX),BRL,4.917
2026-05-08,USDBRL,FX,USD/BRL (PTAX),BRL,4.8999
2026-05-11,USDBRL,FX,USD/BRL (PTAX),BRL,4.8973
2026-05-12,USDBRL,FX,USD/BRL (PTAX),BRL,4.8977
2026-05-13,USDBRL,FX,USD/BRL (PTAX),BRL,4.9118
2026-05-14,USDBRL,FX,USD/BRL (PTAX),BRL,4.9809
2026-05-15,USDBRL,FX,USD/BRL (PTAX),BRL,5.0654
2026-05-18,USDBRL,FX,USD/BRL (PTAX),BRL,5.0093
2026-05-19,USDBRL,FX,USD/BRL (PTAX),BRL,5.0378
2026-05-20,USDBRL,FX,USD/BRL (PTAX),BRL,5.0301
2026-05-21,USDBRL,FX,USD/BRL (PTAX),BRL,5.0077
2026-05-22,USDBRL,FX,USD/BRL (PTAX),BRL,5.014
2026-05-25,USDBRL,FX,USD/BRL (PTAX),BRL,5.0072
2026-05-26,USDBRL,FX,USD/BRL (PTAX),BRL,5.0211
2026-05-27,USDBRL,FX,USD/BRL (PTAX),BRL,5.0579
2026-05-28,USDBRL,FX,USD/BRL (PTAX),BRL,5.0517
2026-05-29,USDBRL,FX,USD/BRL (PTAX),BRL,5.0569
2026-06-01,USDBRL,FX,USD/BRL (PTAX),BRL,5.0303
2026-06-02,USDBRL,FX,USD/BRL (PTAX),BRL,5.016
2026-06-03,USDBRL,FX,USD/BRL (PTAX),BRL,5.0415
2026-06-05,USDBRL,FX,USD/BRL (PTAX),BRL,5.1244
2026-06-08,USDBRL,FX,USD/BRL (PTAX),BRL,5.1695
2026-06-09,USDBRL,FX,USD/BRL (PTAX),BRL,5.1693
2026-06-10,USDBRL,FX,USD/BRL (PTAX),BRL,5.1763
2026-06-11,USDBRL,FX,USD/BRL (PTAX),BRL,5.1478
2026-06-12,USDBRL,FX,USD/BRL (PTAX),BRL,5.0827
2026-06-15,USDBRL,FX,USD/BRL (PTAX),BRL,5.043
2026-06-16,USDBRL,FX,USD/BRL (PTAX),BRL,5.078
2026-06-17,USDBRL,FX,USD/BRL (PTAX),BRL,5.0641
2026-06-18,USDBRL,FX,USD/BRL (PTAX),BRL,5.1613
